Name,2011,2012,2013,2014,2015,2016,2017,2018,2019,2020
Afghanistan,30.9446997907753,32.0211477967573,31.9299577434767,32.9016851149945,32.9890994645275,33.2939389702559,32.5581723757689,32.3676070071482,33.5215727214542,32.9999316006805
Albania,47.0018679499062,47.6540875488068,48.3655566795049,49.7806020967578,50.0741942232364,49.8134628096069,49.8468256077438,49.9727328315175,49.892286692483,49.7578377350107
Algeria,44.7643071168875,44.8406804960644,45.356167861348,45.2774470161251,45.53299930573,45.9307478258546,46.8765879404762,46.9904464228681,47.0002918370366,47.0466380228906
Andorra,,,,,,,,,,
Angola,33.8412686295024,34.7406859988214,35.1159195791849,35.2082009589822,35.4055649069908,36.81489241678,36.9092213995446,37.3959967372144,37.5463354843007,37.8609948419591
Antigua and Barbuda,49.9284107032874,50.2161488277423,50.0694012250539,49.2209222275843,49.4712798133779,49.2280954157807,48.3306804808762,48.5127522616234,48.5107608866997,48.4252605037073
Argentina,47.6019381860331,47.2970507559027,46.7422921464773,46.3890583286767,46.5971941904959,48.3924887371742,48.6540983616687,48.6864224559005,48.6427673073374,48.8170026631385
Armenia,51.6312479296302,52.1447150047934,52.9432818696935,53.8662418187373,54.2884697573669,54.591980046395,54.8516063794733,55.2190822773642,55.7889678544665,55.5871384464245
Australia,68.8939624520111,69.071013946551,69.7636426425155,69.9604070575662,69.7964351506457,69.8065009209607,69.2756103226034,69.4161837987957,69.1515561535135,68.495970004396
Austria,69.6430785886708,69.951855338509,70.5242774762254,71.1212950083261,71.1342918650524,70.4546797398684,70.7547661601921,70.8149078801326,70.5151451270812,70.1439086208684
Azerbaijan,46.2440737063274,46.1574541139655,47.4786541744297,48.706721704165,49.3350614751389,50.2103713596001,49.6292043866019,49.8133529351342,50.7549791422055,50.068246653371
Bahamas,49.8890657036223,50.1779911333929,49.7084406965792,49.9074086344776,49.4911757855087,49.0036968713563,48.5723991084735,48.620295828065,48.5834844139656,48.374655729972
Bahrain,50.5527717671971,50.5710779297324,50.6458121615936,51.5872960236983,51.5702602030512,51.1941733014541,50.8109919056602,50.8716662317271,51.211660008261,52.7415543698847
Bangladesh,44.3380300472407,44.5298561356713,44.4446082513415,34.5117388423388,34.76661725436,35.8524220643881,36.2297339428405,36.6285237249187,36.601590413789,36.8813953155784
Barbados,62.781631205076,56.8004257834734,56.991134596293,56.5944609090698,57.2644176976785,56.3858940299167,56.9420170090782,56.8031283572618,57.0039738660127,57.5366926844652
Belarus,55.1528609923973,56.5252614603686,56.623054002971,56.2308690117668,56.2270268734578,56.9586058877053,58.3609142848301,58.8283202413761,59.1776861227144,57.8548842065979
Belgium,62.4017975875564,62.7757401100977,63.1244651895354,63.7492168511852,63.8202725338421,62.8378578581481,62.5806480767567,62.2352610875674,62.397548107661,62.7350040325208
Belize,42.8910207580137,43.3365593123749,43.9871582881447,43.33180494409,43.9496428330391,43.9393653687876,43.9638599289344,43.7199671745267,43.6852017194168,43.8376292313597
Benin,34.9653686291433,34.7037633918913,35.3186058817847,35.2371345059668,36.0568473559762,36.2957142568193,37.2707136629063,37.5146517815203,37.6969319172884,38.2191823074841
Bhutan,43.1279951775073,43.4620412593321,43.7940610781455,45.3386122510815,45.774516099069,47.2759228071042,47.567065231558,48.0063590622058,47.9707481033352,47.8477050433019
"Bolivia, Plurinational State of",40.5791878940194,40.2821275045095,40.9245733390302,40.7761338855461,40.6186747030482,40.8114362482852,41.175204294781,41.3859939972665,41.0687214937677,41.3503321167277
Bosnia and Herzegovina,48.7040350629376,49.2187887590619,49.8749606976579,50.812383493248,50.1984519764981,50.3958203332487,50.6270445990767,50.5214805448712,49.9929837613642,49.6858377432799
Botswana,45.9210531354278,46.6252853282515,46.5695987573955,47.5332259340647,47.5251598070053,48.4836565186585,47.9015684011764,48.1307156738272,48.3193470411761,48.3399517065607
Brazil,51.9367734129771,52.097844177675,52.2393466007248,47.9790607930105,47.7905346264948,47.9791340894192,47.7994515626183,47.6351466293313,47.8839317294743,48.1121534475166
Brunei Darussalam,54.9531967234973,54.9565028582751,55.307266594123,56.8566514141397,56.3313734043386,56.443866106378,56.6205665503313,57.741739626351,57.3212835835167,58.0845176516375
Bulgaria,53.7733286233403,54.1816867779292,54.3973314698129,54.8851965280496,54.9180096206923,54.4723276063131,54.5788741603906,54.9820539385695,55.1586733094965,54.9283813562323
Burkina Faso,35.0794043266789,35.2090274807914,35.1164149485424,35.5498001636305,35.672204005935,37.1978019230634,37.61288495787,37.6522841063828,37.3809702265273,37.1803449395957
Burundi,31.4902996132227,31.2248865937615,33.2451184588334,36.7541136365373,36.1857421728317,35.3622652022633,35.3565673913559,35.3009946617191,35.491484331288,35.5189058131821
Cambodia,37.2412475447418,37.4841078557326,37.3361138307516,37.4923572717069,37.6432182418062,38.3222266780984,38.986235105626,38.870729776897,38.9150828979649,38.7323406447892
Cameroon,37.8731810108243,38.4229074487945,38.5976721844122,38.6599333669617,38.6512794008128,39.1971363265686,39.1545488546481,39.3464700094488,38.9245396797562,38.9561409323709
Canada,68.4657796707432,68.5494575261786,68.6921253903868,69.3207986250957,68.9935025336321,68.462443138483,68.2752266260202,67.8076189745034,67.8902399182765,67.5392540194697
Cape Verde,49.420874508581,49.080719581558,48.9658238980574,50.0793159331963,51.02396588331,50.8648982570509,50.6798923109599,50.5315997419898,50.7129155627398,51.5387906871815
Central African Republic,27.0618294881181,27.5942797246779,26.4657528650314,26.2064612019078,26.630622722731,27.6647317462164,27.3791876392288,27.2846327372865,27.378920224259,27.1484396811669
Chad,25.4138247185016,25.8412184574924,26.073090619248,25.9579829869357,25.8418418577869,26.1689922056196,26.4662822665576,26.7346021894452,26.5676198744216,26.6869805824106
Chile,59.3266580541133,60.2417329656564,60.5600201106052,61.9237047069544,61.6794212496917,60.8822517230404,60.9856500877233,61.2360231810827,60.9109131178374,60.9086247339605
China,57.9831286685387,58.3115132517689,58.8554341165991,51.7100237763374,52.461147967818,52.5979241586775,53.1678641842388,53.4731149944852,56.8169847914538,57.8677484384584
Colombia,47.4630407614677,47.4623330327198,47.5503165910177,48.6652500749139,48.3640826054561,48.0531929983602,48.0642037224763,47.9511416645714,47.8827176102455,48.0629564118235
Comoros,36.4632937170036,36.5086023280706,37.3194817003793,37.7778480852493,38.3425034141982,38.8503847253912,38.3265277196741,38.4029528907215,37.8254199255742,37.5009935900167
Congo,34.1425966836457,33.3328154749443,33.9467610945367,34.5958920148772,34.5565590858241,36.638896213831,35.8736858053757,36.0245064789497,35.09501038641,34.8369919981712
"Congo, the Democratic Republic o",27.798505209014,27.8223657537107,27.890660026847,27.8295299395009,28.535270857608,30.7656498507689,30.7130140563179,31.2495670333963,31.1327035029354,31.0757461419238
Costa Rica,51.0776118594842,51.7210091068016,52.5010579456357,53.6258630872564,53.8585306561889,53.5129419035909,53.396680497144,53.6340723466536,53.7187889718192,53.7868335037253
Cote d'Ivoire,33.2724907132949,33.8723848559717,35.1281269970927,36.7598982918326,37.6433657850279,38.3851340270897,38.479472894736,39.1778003427092,39.3736316441155,39.6088012010661
Croatia,54.3904164710149,54.5092290181295,54.8864463019116,55.1824429026338,55.4259661199626,55.2103513258487,54.9984619775978,54.9886474933196,55.1923655261997,54.7852112157796
Cuba,45.206028235571,44.8298743218558,43.9675689471502,43.6282493639556,43.8392825050926,44.7151376192988,45.4555402530522,45.3510491728251,45.5891384683118,45.7219178814131
Cyprus,56.6964972714454,57.0687575435903,57.1025748615365,57.9620808239055,58.1048082403365,57.3839619281984,58.0157928147053,57.7058119948944,57.9983666415447,57.5892066180273
Czech Republic,61.723024254246,61.8719310903448,62.58288876556,63.4061575719825,63.57213595521,62.7191409464168,63.1314388363095,63.3470317700846,62.9453572683304,62.6092603935704
Denmark,71.5028354499818,71.686725249428,71.8937046460493,72.0700969550013,72.1039630298608,70.9803250247017,70.9987024560214,70.9690550158846,70.8382863351973,71.0960164429768
Djibouti,40.534592624397,40.1157033363037,40.2678753716563,40.6682884328211,40.8731487202832,40.4160196374963,41.4781378711476,42.2873350617408,42.3738521417615,42.4293889753956
Dominica,54.9114431909088,54.4305027880781,55.0278744036148,55.2009661786468,55.3986260384671,54.9145276742215,55.0297908839331,54.0133653029721,53.3968446042273,53.646533245304
Dominican Republic,45.9245870411347,46.2898399267794,46.3207493788096,46.5453096196223,46.5604006599981,46.4957587938454,46.2982637849368,46.1827435678762,46.2454547501097,46.4680098930423
Ecuador,42.1160761881567,42.477095816696,42.6835581380538,43.1342017484172,43.159006636529,44.2730839883878,44.2592174340593,44.5845364206521,44.5719270829296,44.3898284616998
Egypt,44.1912688260603,44.4954754761297,44.2703208076381,44.4539371445602,44.553706194626,44.4082207147958,44.6635197007649,44.8716289187015,44.9521125416048,45.1114514744084
El Salvador,45.4593787305218,45.4341288133149,45.4988255195655,45.7762481705638,45.4582146578403,44.8922384402376,44.7256015208823,45.0308220554229,45.2359213915505,45.1329293811576
Equatorial Guinea,39.6452070151724,39.7144802258201,39.987083032533,39.8920423472918,39.6480493586432,39.8079981095749,39.436378520888,39.6036281496426,39.6346945157174,39.6602052441683
Eritrea,30.3490541292063,30.4067901636164,30.1861738480057,30.4650824935549,30.135952049312,31.5164848285504,31.2188676884552,31.1889220397113,31.0510023532488,31.0759265985031
Estonia,62.6533395365279,62.2219469552564,62.8262631543705,64.2465961219631,64.0646315949483,63.0644205682736,63.0738422479382,62.7900042565933,63.0325007286836,62.7621618456057
Ethiopia,35.1413121577658,35.2257797010832,35.522624501539,35.9088236500697,36.2182491167028,37.1310436955491,36.667323581663,37.5082638222064,37.7412246039707,37.1545702534029
Fiji,48.4773543239822,48.4116400443735,48.601803884159,50.2168483660973,50.5399510251627,50.9507280701596,51.3832346893658,51.8911234457431,51.8335890149198,51.8110841657136
Finland,73.9855063495803,74.3845449629514,74.4477784198091,74.8080376558354,73.7884782176296,72.9258161508075,72.9595018541595,72.0128599377514,71.8900128690746,72.045436075393
France,67.2855217414341,67.2781763117207,67.1288294083319,67.6609420835462,67.69055095514,67.0844342090764,67.3745580482355,67.1881326771938,67.8857786937372,66.937331961279
Gabon,43.3532624119961,43.6198943720167,43.556668585132,43.9580576003957,43.763131033302,43.9069553656306,43.7958589667131,43.7109746029112,43.4950700978332,43.7046528235617
Gambia,37.6220065142903,37.3967718586446,37.0862518730739,37.250185133522,37.5878207342168,37.0275194479107,38.0560578093861,38.1996948527734,38.4926748059387,39.1727668921844
Georgia,53.2840443333681,54.3284413118723,55.2596784906717,56.983906762539,56.7348584706637,56.9409640346762,57.2152948240349,57.7385622242571,57.903938971039,57.8204994637034
Germany,70.1869774529436,70.2746257972611,70.6387770471236,71.6170868802249,71.1315450480893,70.402666588265,70.3049486354183,70.2609077912784,70.1278129326169,69.8486619746717
Ghana,43.3050159428515,43.1571607107469,43.4491004088369,43.2295130764866,43.0826620499724,43.6523933336504,43.7768740683381,43.7500687194689,44.1703169259075,43.9879337368164
Greece,57.7231305019594,57.2695133500174,58.1779115238618,59.0380679489642,59.221236938699,58.82376038224,58.8332627207519,59.3934561314109,59.827449524847,60.203285393549
Grenada,52.032716973153,52.2882955516842,52.3421300236486,53.2412303997425,54.1050045993917,54.4025627684167,54.2658792451886,53.6902108712254,53.5618535780869,53.5890225403909
Guatemala,41.5887796184702,41.5574729740593,41.9520385747175,42.9693875303013,43.3652791644332,43.5972120331411,43.4249079730475,43.2774080234843,43.5670206380201,43.4257893802211
Guinea,34.9512802333413,35.5102891477585,36.2052230112071,37.2153627788786,37.7050530199768,37.9302580100119,38.9446631938547,38.6179774909283,38.9680847570633,39.0306684099602
Guinea-Bissau,28.5596015377316,29.0267851227868,29.1274161117713,29.6145599617872,29.940174716765,30.1577836696324,30.6571355378216,30.4383947113993,30.5738275941328,30.5545507886348
Guyana,40.6759944800536,40.7977382105654,41.218920374652,42.0838927035604,42.1307854095415,42.6381209282363,42.4460992221277,42.7701869368694,42.8073014098083,42.6438810838214
Haiti,33.7576084357011,34.1735781416864,34.582095596446,34.6286971957264,34.5994158349419,35.2042403380354,35.3363355511652,35.4473075468166,35.1707418286583,35.0279044381132
Honduras,40.2236157971851,39.7333217290708,40.1143813203958,40.4119311833434,40.4813290107805,40.1490419235528,40.3194562523508,40.5144631515512,40.2214821198348,40.2514811157087
Hungary,58.1628774250644,58.1122232432541,58.0445921721673,57.6737527977088,57.495674064571,56.9211446367733,56.8633480449448,56.5527226024562,56.4424051887012,56.3627557139388
Iceland,70.3819407077263,69.6573649479104,69.7022951799125,71.8256076419244,70.8167396466772,69.5639164270314,69.7506957567091,70.8671198999865,70.3620420895562,69.7820130798587
India,48.0083165016933,48.3697886751844,48.7544878992451,38.9324449522424,38.8831480556584,40.406774241884,41.4123592740682,41.8783407214088,42.7908117675896,43.9830108005174
Indonesia,50.7932776061293,51.3091270298207,51.729274080837,44.6248495607022,44.6276078124811,44.7983167134057,45.8441585610904,46.3168892448591,46.4486200326497,46.7561353765249
"Iran, Islamic Republic of",48.8440197097256,48.761639420368,49.0667887927395,50.7834619190672,51.4217533711085,52.8092648143166,52.7141480446708,50.6084492363111,50.3671148164589,49.990306530646
Iraq,40.7642401653405,40.5937007911171,40.9077075935302,41.4505501086092,41.1934974639827,42.5046115069965,43.2727209141082,43.0680138996565,43.1681331536717,42.9341210093296
Ireland,64.6348984383935,64.0839417624209,64.9976191484392,66.176070281103,66.7454635144735,65.4145593912305,65.4029297861831,65.3778969942721,63.9632097205561,63.9843744543907
Israel,61.2796284189352,61.1004448674138,61.0056839358887,61.6130118020931,61.8659854610768,61.2287927929267,61.0297485880764,60.8452816796045,60.7314485474657,61.3167949264454
Italy,59.0751038267878,58.6114208079964,58.6300292519641,59.3988153945079,59.6306482927172,59.3456805155975,59.1596343984436,59.8782313990383,60.1005379536851,59.9739458327027
Jamaica,45.9926519508215,46.1040735439976,46.8751008800059,47.4028881908244,46.9446751495432,48.0576088135068,48.364550025552,48.8421626090277,48.5879921574026,48.8504641373126
Japan,68.3336673425979,68.4807074301849,68.9214586766137,66.6133265482369,66.2845017341189,65.5217318947929,65.913122205097,65.7403547768449,65.6414614799183,65.5122039485779
Jordan,50.830096552521,51.0568902073235,51.2034092388707,51.8291653977805,52.0502511918944,51.5574360570491,51.357813690411,51.2199938672105,51.0966707506946,51.3998139607935
Kazakhstan,53.6950337730813,54.4276349460839,54.9277576918126,56.0768290948828,55.6310278070489,56.7898002556883,57.7022775922363,57.4622323444354,57.7995622213041,57.9480828441333
Kenya,34.8378195174143,34.6791881925331,35.3307693265435,36.0709663655515,36.3013894777721,37.7271798354913,37.8766830386475,38.1680231134929,38.6748425827933,38.6973207673954
Kiribati,,,,,,,,,,
"Korea, Democratic People's Repub",43.4629383235742,43.787959172348,43.5406733765497,42.7468592220446,42.7503718951815,43.0943219773851,43.3066172289695,43.5490205776394,43.5551506917063,43.6099513620494
"Korea, Republic of",66.2201040128556,66.3015746681168,66.9101102542336,67.7009784617651,67.4754771923165,66.7763360187055,67.0331352413771,67.3931868215433,67.3439973477503,67.1750169632446
Kuwait,50.9282651273406,50.7414749010709,51.2831964950081,51.6087394299305,51.0290868223209,51.3649527241032,51.1364799953454,51.7334499446351,52.2231946769497,54.1786062316495
Kyrgyzstan,49.5228167315622,49.1131476033459,49.703899131655,50.6168331817169,50.0951168850187,51.8166913898535,51.8685198523757,52.0161740043934,52.3198884272257,52.1796337920887
Lao People's Democratic Republic,36.8269120384187,37.6984476049838,38.4897492679604,38.9592903238776,38.7952017404105,39.3501484925923,39.9257513490711,40.7085780901665,40.010694800459,40.1020863359757
Latvia,57.0808352015322,58.4231819246223,59.206633454001,59.53165049763,59.840216602503,59.1084450427862,59.3485180708435,59.1717901161059,59.1946644234878,59.3571529868556
Lebanon,44.9665508111025,45.0046151568564,45.3348895629575,45.543161022474,45.3374865624251,45.1502257445323,44.4178994387394,44.3893272461944,44.0097448123993,43.5358330632296
Lesotho,39.6765793491367,39.6441420524347,41.0485986529854,41.5665031068796,41.5802161317039,41.9186114171869,41.9869480827162,41.7763552635969,41.3303435740863,41.3863087744451
Liberia,32.7764212448174,33.315861608098,33.8287785798929,34.3762992061032,34.0788656796269,34.1801044278748,34.2765921405069,34.2619510354915,33.7894792285821,33.7772435023467
Libyan Arab Jamahiriya,50.1090168764254,50.0711193954125,43.8210671990116,42.8937674884489,42.0526938178811,42.0496117163533,42.3209851521054,42.2428842089059,42.032044176715,41.8453156574588
Liechtenstein,,,,,,,,,,
Lithuania,58.9077943987788,59.524925027091,60.0028472270644,61.3293250677154,61.1000656698268,60.6572091127704,60.3365831482461,60.6018784293754,60.840245476278,60.9591818547985
Luxembourg,67.611109945923,68.529213331816,68.9355177842163,69.6890817934586,70.1774042687051,69.7083948113386,69.2645834345523,69.2190318794716,68.3186767154243,68.5704908735131
Macedonia,51.8238580747417,52.8637017419082,53.3533730292054,55.1391245780456,55.0061057513232,54.7738374764821,54.8423070090784,54.6877730892792,54.79805634808,54.8340114564031
Madagascar,34.0071186558213,34.7648882819877,34.4157307072317,34.6970062949248,34.6879167627212,34.8944876681242,35.06174431808,35.4206953114412,35.3064068205151,35.2712161178034
Malawi,36.3367661193264,36.381757393493,36.0127032817684,35.7956543122172,35.7128873093908,36.3594059662407,36.4872654652785,36.3491549517922,36.6565518317647,36.9890733413717
Malaysia,54.1292745864404,55.7176811589307,56.4422333408446,57.9588489874318,58.1844902351755,56.6056225239281,55.9036630176368,56.2012431062277,56.666168657003,56.6428405460428
Maldives,42.6227328399639,43.1730152757859,42.7844933488881,43.8088956247885,43.7500280258522,44.6575676840887,44.6182212284,44.8087616295366,45.4729861676883,45.5776550015457
Mali,34.8206124373488,33.5257500434244,33.6815694899288,34.0268192438979,34.1298688261869,35.2884378144218,35.2440813461459,35.2381339458914,35.0510127663187,34.7264698492895
Malta,63.8954236431411,59.4121332756378,59.6998717468176,59.545001930292,59.8577359357702,58.3249402198982,58.4729651758575,58.8958559900516,58.3434846588278,58.578038643466
Marshall Islands,,,,,,,,,,
Mauritania,35.8093658369608,36.628275970953,36.6362406699024,37.2687106506237,37.212080260881,39.09811008369,39.3674577123877,39.8889984354771,39.7963544829453,39.3312125148762
Mauritius,54.2000873976321,54.7760347615593,54.9626577619976,55.7554810968519,55.5451003926525,55.1134944517084,55.1237393362582,56.1654966079575,56.3225815700701,56.963115256042
Mexico,54.6587403991344,55.0674494125475,55.1697493832239,48.1678124315196,48.1227907961553,48.0690349903722,48.2197618424897,48.2342256803241,47.6316828101276,47.45965639274
"Micronesia, Federated States of",36.7950968401564,37.0217088629557,37.335735146765,37.8073928633052,38.0321469673558,38.2754912213119,38.4160723801712,38.3867998449305,38.3978209268028,38.4623895902844
"Moldova, Republic of",48.1622523374576,48.27891630638,48.3516765499595,48.6270972705656,48.3947235274751,49.395784449957,49.8523533201678,50.1549172486438,50.2732260067278,50.1679204642443
Monaco,,,,,,,,,,
Mongolia,48.8887733918881,49.5256680017914,50.4541121238507,51.7260257545106,51.517092296737,52.6746291266353,53.0393281380261,53.4405122281654,53.6546849270135,53.4762432344103
Montenegro,51.6183825824433,52.8332540357158,53.5451314133632,54.248128491017,54.4855794748609,53.9397616122935,53.8833528411644,54.5651874819232,55.0492045390466,54.5918067819697
Morocco,48.9759665713399,49.535698884638,49.9574509763777,51.2694427949975,51.661824745312,51.4844579083529,51.6847354158961,51.8535479363215,52.0454598758363,52.6144460116016
Mozambique,37.9858588324363,37.5617333336272,37.115440977187,37.9669102712259,37.9300536642168,37.4440644732875,37.1583451372767,37.6759882281044,37.8361067748254,37.5592611379341
Myanmar,41.2780929334883,42.4940468970305,33.0512873126628,34.1735760783555,34.931030600254,36.4835950211575,36.9620505100838,37.0704211085425,37.1630387348202,37.6051993733194
Namibia,43.7038499887357,44.3175699580027,44.5017444955582,44.7343288527315,44.7820557427772,45.3018685472761,45.0417736033257,45.463284711012,45.1466670888134,45.1227132572627
Nauru,,,,,,,,,,
Nepal,38.3845887720309,38.7078294292548,39.4270710203452,40.5606423806633,40.5876728238376,41.7119175533911,41.4504940921117,41.8549339339207,41.4885705677976,41.7206150029328
Netherlands,66.2183909963753,66.0317886843386,66.4951967642602,68.1064999877389,67.8009831412201,67.1772370182461,67.1936094575325,67.0532000736462,66.8668590891542,66.6384340087115
New Zealand,73.1626849355763,73.1932557508688,73.5033432734103,74.5016851258928,74.6220053854581,74.056071827033,74.1666625247157,73.7999482639557,69.7209493006879,69.6893398026673
Nicaragua,40.6467864547206,41.516756042612,41.9682283833843,42.1385935198103,42.7304941072375,42.8109237756285,42.8370146037216,41.466502755806,41.3226564591211,41.2939151425444
Niger,30.3975171221033,29.4125616323014,29.9160994443618,30.063994587516,29.7237310727533,31.6542458064816,31.5840151705425,32.8656153033397,33.3028546403035,32.9107854291288
Nigeria,45.2894169004884,45.5197576567863,45.7692965149104,35.0079153493172,35.5632514557821,36.399826367362,36.486262424686,37.0004807269827,37.0316861117064,37.5364092997158
Norway,75.5084572728962,75.4254318603856,76.655002885957,77.3064963121904,77.3224836430562,76.7962600607023,76.8653173951119,76.4061669146276,75.842541757128,75.4104340493396
Oman,52.0209839712686,52.7518666313352,53.4537945206903,54.8108837448291,54.6063868289007,54.2984599181132,53.9845944996465,53.8256777102799,54.4777474083638,54.5601855172288
Pakistan,45.0753655081918,45.5146452829903,46.0275322990735,37.5860604344322,37.6817795321542,37.748612721793,37.943875069612,38.0579189733679,37.8453423748658,39.0459251225624
Palau,,,,,,,,,,
Panama,49.5318148432206,49.1346290102353,49.6234925784277,50.6952770729872,50.9714075686186,50.4486876025762,50.0978342976612,50.2577374045152,49.788648730931,49.4852974233136
Papua New Guinea,36.5310209079149,36.7850817970153,36.5073819101059,37.3780486698715,38.13181952768,38.329133981888,38.3516770243122,38.1021822931884,37.1989324697313,37.3895916959374
Paraguay,45.1100952139605,45.2328412072004,45.4281137193536,46.6046146703928,46.9610583064644,47.9171034161637,47.9050197575845,48.1205843911359,47.8721599301852,48.0394752895019
Peru,46.7201385732429,46.8801093963834,47.2910397202959,47.9244030408102,48.1162690474843,48.5035419749023,48.1790581769096,48.3614691528006,48.6916037201113,48.5643023859342
Philippines,41.4097584993852,42.2045070286877,42.8000423476688,43.7516938759726,43.499766682901,42.8039716718345,43.2175830950369,43.2533493566078,43.4551984684232,43.8777434761021
Poland,59.2173517228436,59.4731004414162,60.7218855730379,62.0619137374387,62.4987461691695,61.8564605337731,61.7224334478085,61.6899969793946,61.0440613274497,60.9665958889314
Portugal,59.9293712233278,61.0465834408243,61.4979941483718,62.6194568247197,63.1204156500407,61.7386585810622,62.4241450044225,62.4820626481727,62.436053647215,62.1696200486387
Qatar,54.6944755549081,55.3229569560364,55.9849442775952,55.9507715500838,55.9942763027748,56.2814444043566,55.9827332665589,56.4362194117116,56.663628845082,57.9724190157376
Romania,49.9625018290536,48.8832124577553,49.4845679979583,50.5491837278715,51.3079196218198,51.0645994198138,51.0088725695501,51.3547887445524,50.5718158690961,51.1244626600476
Russian Federation,62.7230701713982,62.8548685226739,63.2493759275158,56.9852928074212,57.9110146127478,58.9755033308975,59.0370072386989,59.6337530622925,60.0157779968871,60.0124773365174
Rwanda,37.2304987906772,37.4115951074109,37.7810229701421,39.5863947185457,39.8916891024761,40.7727548114003,40.8981964356239,41.3706713514377,41.4162118648337,41.9967563751552
Saint Kitts and Nevis,54.3433134004967,54.6990993929869,55.2770661841414,54.8727369641193,55.7821238785553,55.040451735601,55.8703056264013,54.8500281195135,54.8466817423953,55.5447210871572
Saint Lucia,54.9379183867011,54.6444642458841,55.1162421785064,54.8637630301648,55.1817851441532,55.2365095234691,54.8758964600168,54.6173293987612,54.1956021563872,54.3551653316698
Saint Vincent and the Grenadines,,,,,,,,,,
Samoa,45.394431725169,46.3118911180368,45.5406416397736,46.8505189138563,47.3622503514942,46.9860791717266,47.2355949187155,47.0796586599416,47.1841870381009,47.0685012101511
San Marino,,,,,,,,,,
Sao Tome and Principe,38.7762556951544,40.3517267825362,40.5101964519088,41.215554710054,41.4325546128938,41.433780634118,41.6774289289009,41.9948002474167,41.8541080636839,41.6732173560154
Saudi Arabia,50.6435268025964,51.3769508875206,52.4778933820404,53.4724703960065,53.6261014835057,54.858921088492,54.7436613029117,54.8948770814268,54.8327036214617,56.8084033415217
Senegal,38.2008704198534,38.7153722900195,38.9035642521345,38.9618943038679,39.3092222428841,40.105639838272,39.8966515450724,40.424015900676,40.950548104172,40.9013872392724
Serbia,47.6426119012359,47.5920245500685,48.5336655325148,49.5084218060024,49.1599603676564,49.305791702952,50.8083342354167,50.9965270484568,50.9893747719738,50.635391654779
Seychelles,46.3880585058521,47.1348672245735,47.163152657679,47.817392628788,48.7005090778401,47.7532692302229,48.6022535941966,48.6043211586047,49.137832476559,49.4569911528918
Sierra Leone,34.7370871353694,35.7087108412975,35.7347038006369,36.5007168475602,36.6587427406087,37.2444054908676,37.7674975059336,37.7512356943969,37.6888734054103,37.6526518671623
Singapore,68.402332874435,68.8359633368312,69.6284709251185,70.9252078456781,70.7984049914609,70.0957094235815,70.423640568504,70.562467424295,70.5963460142179,70.5810657971052
Slovakia,57.3414486718896,56.9805201424333,57.2664521569645,57.5816298356107,57.0464349369375,57.1500050247637,56.9556756550596,57.2361811346095,57.1893736744326,57.3368823208812
Slovenia,65.0842652863096,65.1993818976298,65.0989040416506,65.7419208053123,65.37971463376,64.9363106761307,64.5504742443323,64.3446039169957,64.4289609014425,64.1094790741995
Solomon Islands,38.1919453868862,38.0297562942497,39.0432685124643,39.6584313742781,40.845651745757,40.6221086749176,41.5811695739193,42.0849639859034,41.9379342663537,42.152250933287
Somalia,36.7283606443577,37.3081373846536,37.7554210748901,38.801620727484,39.0800285279168,33.9205125089846,34.1051993725908,34.0261714372519,34.0180200420965,34.1505500505096
South Africa,46.8785600134586,47.0703502318971,47.7102629359923,48.2696232155757,48.0376757659643,48.9858374365609,48.0128971266625,47.6292517122049,47.5832279193692,47.4391620475584
Spain,61.3805896470222,61.5191335741005,61.4639381753136,61.8286746016241,62.063193433307,62.0251245436351,62.3337636729214,62.1701652314845,62.1488581361403,61.8198642657877
Sri Lanka,42.5952266750325,42.8213766663397,43.60162147478,44.4568984752074,45.5235008200766,45.6570044155518,45.3441355102713,45.5420188020198,46.0352439994553,46.0106072096261
Sudan,31.198247145551,30.819617340443,31.1277243824049,31.2878089212,31.3749692903323,32.1997537090295,32.2010774703048,32.4332538760713,32.4287916905176,32.2828428721117
Suriname,45.0198030631709,44.9807534818882,45.4242741013284,45.6556152572617,46.1444264980367,45.9189165650686,46.6361818551193,46.3459308817935,46.3144423365557,46.2812198675038
Swaziland,38.5486176352399,38.6611432292242,39.2978270946567,39.5009186798241,39.4720416053075,39.6515500355596,40.4306974202916,39.7216104525755,39.4827688338651,39.6346581668233
Sweden,72.7718993696862,72.7092540212259,72.5908344098192,72.8348030232839,73.0365414684122,72.3047430985457,72.1749235122142,71.8038765289988,71.7341702637343,71.3361973462645
Switzerland,72.9423393973189,72.9806123428596,73.4486335744481,74.0411187911628,73.9491211205813,73.0238740707477,72.5060695469951,72.2720322326586,72.219341362769,71.9254233081042
Syrian Arab Republic,41.8720546619266,40.5886996366707,40.1798227466171,39.5529465079568,39.0881312435681,39.1662954364025,38.4216484126666,38.2815120599103,38.1993891224611,38.0665108334812
Tajikistan,41.8053413185853,41.8226613396288,42.1229282318933,43.3888130550107,43.7024767352659,45.493096359058,45.0966004847156,45.9040235865615,46.1446950430251,46.1278723105417
"Tanzania, United Republic of",37.5486441271752,37.8274156497693,37.9277627769192,38.2286978856023,38.5074723683105,39.1976211598682,38.9464369037822,38.8680274198486,39.0624239876778,39.080165350568
Thailand,49.4498896450832,49.7823226824162,50.1487236338142,51.1196709159389,51.0051303762702,50.6480770324234,50.9127696130843,51.437927447422,51.9062591773654,52.429480571899
Timor-Leste,42.4575108125451,42.8036418838865,43.1585073770353,43.9878982894188,44.7322317872345,44.5769398445006,44.2446119042729,43.8385874502645,44.1020766723864,43.5143337539533
Togo,36.5850787406344,36.5436267467838,36.4707491013243,37.489194947161,38.0954188147127,39.0218986743216,38.8595732188269,39.3993717013041,40.1186331874435,41.382221905777
Tonga,41.6341367353574,40.606338758686,41.8205518352801,41.5014796450239,41.5593116791736,41.3748283288435,41.6093669307116,42.2125819934324,41.6680016892633,41.5823467932925
Trinidad and Tobago,48.0295796941333,48.2700215403753,48.697586571664,49.2052412918505,49.5512764146322,48.947323870739,48.9089449703093,48.5298097758074,48.1921792148794,48.2333666306789
Tunisia,52.5262540152552,52.3100740866939,51.9111367241145,52.5301827757244,52.2432091972188,51.6226051016781,51.5807443137722,51.5546975663952,51.9585834493068,52.4814574380407
Turkey,54.1248769376656,54.4703731596116,55.017939675663,55.801645790721,55.727001747715,54.757256297997,55.3956867961681,55.5367440837783,56.2795835277741,56.695043198551
Turkmenistan,41.0214119532452,41.4582403955291,41.3409116988379,41.3888234952113,41.2914594383206,40.9665645728155,41.3268590239832,41.442186584128,41.4395085884248,41.2949198822559
Tuvalu,,,,,,,,,,
Uganda,34.3185409932432,33.914272957225,33.8545858653116,34.1824227212101,34.5108338691323,35.9290293583257,36.0206644115858,35.7178174246815,35.4488740188622,35.3887626991371
Ukraine,46.8692586419851,47.0018905860829,47.6782754063638,48.8404808239588,49.4918879567286,51.3164356194888,51.4931555068237,51.8510357913877,52.3098294397936,52.1940807240993
United Arab Emirates,57.3821438695667,57.8212634966323,59.1829582195118,60.4291815190779,60.613216381747,59.9767246054025,60.3573234924118,60.4424061085156,60.6210686398513,60.7350588503079
United Kingdom,69.139139565933,69.277536127085,69.6254338587298,70.9630884824178,71.3533634049518,70.4657876063205,70.121874245412,69.6581167901336,69.9525554957399,69.363564539084
United States,70.9157646611499,71.1747713359647,71.1681294563993,67.921878132722,67.9237461789038,67.312278649095,67.291440413993,67.2706720556233,66.5407384304613,66.2121434319801
Uruguay,51.8677856662018,52.9003563079457,53.5521738442549,54.4338174505041,54.2555143186881,54.0596815428763,54.1222353581252,55.6243658844478,55.5753583473047,55.7431678729522
Uzbekistan,41.8713790315528,42.3247236898067,43.0301251751035,44.3083225654723,44.7778140332297,46.7287277040911,47.2172627650409,49.0464929041562,49.5092574062896,49.4463187571274
Vanuatu,40.4604074265071,39.9622032493354,39.7442219330809,40.6181236214353,39.8027443704052,40.3761482334634,41.0772239040772,41.193400467452,40.6129513234951,40.5130133272706
"Venezuela, Bolivarian Republic o",42.185956057319,41.9682429313935,41.852328261291,41.4960471955165,41.2607339439196,41.7107895480042,41.1815561920541,40.3154618745529,40.3457312158205,40.0468721522697
Viet Nam,43.0852077377409,43.1624723016717,43.6331161004384,44.2685374056684,44.6755874882826,45.7548345424577,46.0441432573689,46.333147999787,46.7783078815413,47.1208070358985
Yemen,37.3334718559117,37.5311885184945,36.5928465532502,35.8713807626557,35.2304374164351,34.9320815591538,34.8610056025241,34.3250387887013,34.4868134492952,34.4764570345217
Zambia,38.9302749791612,39.2768255141161,39.3899793786015,40.0454689827197,39.5172545966513,40.2985039536599,40.4954333422588,40.6637468178884,40.3034258958967,40.0069021415409
Zimbabwe,31.3201152154722,31.960922439419,32.036722534758,32.3560194569414,32.5575764314505,32.985266003086,33.1943178707781,33.4727599104428,33.2546772814648,33.0841593169428
